Feature,CrossCell,Zellkonverter,anndataR,convert2anndata,easySCF,SeuratDisk,sceasy
Language,Rust,R (basilisk‚ÜíPython),R (hdf5r),R (reticulate‚ÜíPython),R+Python,R (hdf5r),R (reticulate‚ÜíPython)
License,MIT,GPL-3,MIT,MIT,MIT,GPL-3,GPL-3
Last Updated,2026,2025,2025,2023,2022,2022 (archived),2021
RDS‚ÜíH5AD,‚úì,‚úì,‚úì,‚úì,‚úì,‚úì (via h5Seurat),‚úì
H5AD‚ÜíRDS,‚úì,~¬π,‚úó,‚úó,‚úó¬≤,‚úó,~¬≥
Seurat V4 (Assay),‚úì,‚úì,‚úì,‚úó‚Å¥,‚úì,‚úì,‚úì
Seurat V5 (Assay5),‚úì,‚úì,‚úì,‚úì,‚úì,‚úó‚Åµ,‚úó‚Åµ
Split Layers (V5),‚úì,‚úó,‚úó,‚úó,‚úó,‚úó,‚úó
No R Required,‚úì,‚úó,‚úó,‚úó,‚úó,‚úó,‚úó
No Python Required,‚úì,‚úó,‚úì,‚úó,‚úó,‚úì,‚úó
Standalone CLI,‚úì,‚úó,‚úó,‚úó,‚úó,‚úó,‚úó
Python API (PyO3),‚úì,‚úó,‚úó,‚úó,‚úó,‚úó,‚úó
R API (extendr),‚úì,‚úó,‚úó,‚úó,‚úó,‚úó,‚úó
Type Fidelity (Int32 preserved),‚úì,‚úó‚Å∂,~,‚úó‚Å∂,~,‚úó,‚úó
CELLxGENE Schema Validation,‚úì,‚úó‚Å∂,‚úó,‚úó‚Å∂,‚úó,‚úó,‚úó
Streaming I/O (>100k cells),‚úì,‚úó,‚úó,‚úó,‚úó,‚úó,‚úó
Dependencies,0 (static binary),47+,25+,18+,15+,12+,20+

Notes:
¬π Zellkonverter H5AD‚ÜíRDS: readH5AD 13/13 OK but as.Seurat() default 0/13 ‚Äî requires manual workaround (counts="X"); 12/13 with workaround
¬≤ easySCF H5AD‚ÜíRDS: Python step 10/13 OK but R step 0/10 ‚Äî schema incompatibility between easySCFpy and easySCFr
¬≥ sceasy H5AD‚ÜíRDS: partial support via loomR intermediate; unreliable
‚Å¥ convert2anndata V4: GetAssayData(slot=) deprecated in SeuratObject 5.0.0; all V4 objects fail
‚Åµ SeuratDisk/sceasy: archived/unmaintained; no Seurat V5 support
‚Å∂ FFI type degradation: R integer‚Üíreticulate‚ÜíNumPy float64; bool‚Üíint breaks CELLxGENE schema validation
